EMG1,EMG2,EMG3,EMG4,EMG5,EMG6,EMG7,EMG8,accX,accY,accZ,oriX,oriY,oriZ,oriW,gyrX,gyrY,gyrZ,Class,Subject
-4,-4,-21,-18,-1,0,-6,-2,0.319335938,-0.469238281,0.80859375,-0.233154297,0.052246094,-0.758178711,0.606689453,-34.8125,119.5625,-74.8125,1,1
2,2,8,-5,0,-2,-25,5,0.244140625,-0.435058594,0.80078125,-0.222717285,0.066345215,-0.769165039,0.595275879,-35.4375,112.625,-66.375,1,1
-3,-2,4,2,-1,-4,2,-1,0.187011719,-0.465820313,0.811523438,-0.214416504,0.080566406,-0.778015137,0.585021973,-36.375,98.25,-57.3125,1,1
-6,-3,-10,-13,-3,-6,0,-1,0.231445313,-0.482421875,0.760742188,-0.208618164,0.094604492,-0.785827637,0.574462891,-42.9375,90.125,-54.625,1,1
-2,-3,7,4,-2,-2,6,-1,0.202636719,-0.487304688,0.732910156,-0.203491211,0.109130859,-0.792541504,0.564453125,-47.3125,86.75,-48.0625,1,1
-4,-4,-15,-4,-1,-7,-5,-6,0.1171875,-0.5625,0.741210938,-0.198059082,0.123352051,-0.797973633,0.555725098,-40.1875,80.3125,-41.125,1,1
-5,-6,-1,-4,-2,-5,0,-2,0.1328125,-0.56640625,0.701660156,-0.19317627,0.135070801,-0.802429199,0.548278809,-29.0625,70.125,-34,1,1
-1,-5,-2,-4,-9,-13,-7,4,0.186523438,-0.542480469,0.737792969,-0.188781738,0.144897461,-0.805847168,0.542175293,-24.625,63.625,-24.5625,1,1
-1,-5,-3,4,1,-1,-1,-3,0.123535156,-0.537109375,0.729003906,-0.183837891,0.155029297,-0.808532715,0.53704834,-24.4375,62.1875,-18.1875,1,1
-7,-1,-5,-7,0,-8,-11,-1,0.049804688,-0.522460938,0.724609375,-0.178771973,0.164245605,-0.810180664,0.533508301,-20.5,54,-9.875,1,1
0,-2,0,-10,-4,-12,-8,0,0.01953125,-0.526367188,0.776367188,-0.174377441,0.173339844,-0.810852051,0.53112793,-23.3125,46.875,-2.8125,1,1
-4,-4,0,2,1,-3,-2,-2,0.053710938,-0.577148438,0.793457031,-0.170959473,0.181274414,-0.811401367,0.528808594,-19.3125,41.625,-2.875,1,1
-4,2,-2,4,2,-1,-4,2,0.042480469,-0.51171875,0.747070313,-0.167785645,0.187561035,-0.811645508,0.52722168,-14.8125,34.375,0.1875,1,1
-2,-2,0,0,-2,-8,-6,2,-0.022460938,-0.465820313,0.747070313,-0.165039063,0.193847656,-0.810791016,0.527038574,-19.3125,26.5625,7.75,1,1
-2,-1,2,1,-3,-4,-3,-7,-0.004882813,-0.584960938,0.7890625,-0.163452148,0.199768066,-0.809875488,0.526733398,-15.9375,21.25,6.1875,1,1
-5,-1,-4,-2,-2,-4,-6,4,0.079589844,-0.534179688,0.786621094,-0.16204834,0.202453613,-0.809692383,0.526428223,-3.9375,16.875,4.0625,1,1
-2,-5,-7,-2,-3,-4,-1,-4,0.0234375,-0.44921875,0.826171875,-0.159545898,0.203796387,-0.809387207,0.527160645,0.0625,13.375,8.25,1,1
-4,-3,1,-8,-4,-3,-1,-5,-0.018066406,-0.480957031,0.854003906,-0.158081055,0.20526123,-0.80847168,0.528381348,-3.1875,5.6875,9.375,1,1
-2,-2,-9,-8,2,-1,-2,0,0.054199219,-0.489746094,0.83984375,-0.15826416,0.205871582,-0.807495117,0.529663086,-2.9375,-0.25,10,1,1
-4,-2,0,1,-1,-7,-6,2,0.048339844,-0.450683594,0.827148438,-0.15802002,0.205383301,-0.806335449,0.531677246,1.6875,-3.0625,13.0625,1,1
-3,-5,-7,1,1,-2,-3,-10,0.022949219,-0.454589844,0.877441406,-0.156921387,0.204467773,-0.805358887,0.533813477,5.375,-1.8125,12.875,1,1
-1,0,-2,0,-2,-6,-4,-2,0.067871094,-0.46875,0.870605469,-0.15612793,0.202880859,-0.804870605,0.535461426,8.9375,-1.4375,9.9375,1,1
3,0,-1,-5,-4,-5,-2,3,0.072753906,-0.397460938,0.861328125,-0.155395508,0.20135498,-0.804199219,0.537231445,4.5,-1.625,11.3125,1,1
-2,-5,-9,-1,-3,-7,-5,0,0.05078125,-0.423828125,0.881835938,-0.155029297,0.20135498,-0.803222656,0.538818359,-3,0.25,11.5625,1,1
-3,-3,-5,-4,-3,-2,-3,-4,0.062011719,-0.430175781,0.856445313,-0.155334473,0.201477051,-0.802307129,0.540039063,-4.8125,-1.375,9.3125,1,1
0,-4,-1,-4,0,-4,-6,0,0.041503906,-0.416503906,0.846191406,-0.155944824,0.202575684,-0.801025391,0.541320801,-11.125,-1.75,10.75,1,1
-2,1,-3,-2,-4,-3,-2,-5,0.027832031,-0.495117188,0.880371094,-0.156982422,0.203857422,-0.799743652,0.542419434,-10.3125,-3.1875,8.8125,1,1
-3,2,14,-2,-1,-1,-1,1,0.092285156,-0.497070313,0.875488281,-0.15814209,0.203125,-0.799194336,0.543151855,-0.25,-5.1875,5,1,1
-2,-2,1,1,0,-5,-4,2,0.069335938,-0.436523438,0.856445313,-0.158569336,0.20135498,-0.798828125,0.544250488,3.875,-7,5.6875,1,1
-2,0,-3,0,1,-5,-4,3,-0.002929688,-0.426757813,0.827148438,-0.159790039,0.200500488,-0.797668457,0.545898438,-2.375,-13.5625,7.625,1,1
-5,-4,-9,-5,-5,-2,-3,-3,0.029296875,-0.494140625,0.809570313,-0.163085938,0.200073242,-0.795898438,0.547668457,-6.9375,-20.3125,9.25,1,1
1,1,-9,-5,1,-5,-4,-1,0.076171875,-0.529785156,0.790527344,-0.166687012,0.19909668,-0.794128418,0.549499512,-2.8125,-21.25,9.6875,1,1
2,-3,-3,-2,-1,-1,-1,-1,0.062011719,-0.49609375,0.738769531,-0.169921875,0.19732666,-0.792053223,0.552124023,2.0625,-24.0625,13.25,1,1
1,-4,1,-2,-5,-7,-2,-1,0.069335938,-0.481445313,0.745605469,-0.174377441,0.195800781,-0.78918457,0.555358887,-4.5625,-30.25,18.0625,1,1
1,-2,0,-1,0,-4,-5,-3,0.045410156,-0.56640625,0.728027344,-0.179504395,0.195617676,-0.785644531,0.558837891,-8,-31.8125,20.1875,1,1
2,0,0,2,-3,-2,7,1,0.048828125,-0.547363281,0.701171875,-0.184753418,0.194580078,-0.781433105,0.563354492,-4.5625,-36.75,25.6875,1,1
-5,-1,4,3,-2,-3,0,-6,0.088378906,-0.47265625,0.582519531,-0.191772461,0.193969727,-0.775634766,0.569213867,-13.125,-43.9375,37.25,1,1
2,3,-7,2,14,2,-2,-1,0.088867188,-0.610351563,0.735351563,-0.200622559,0.193725586,-0.768127441,0.57635498,-19.6875,-55.375,46,1,1
-1,1,3,-5,-7,-15,-9,6,0.095214844,-0.728027344,0.720214844,-0.211669922,0.191589355,-0.75970459,0.584228516,-11.6875,-73.25,46.4375,1,1
2,-2,2,2,-1,13,10,-4,0.12890625,-0.599121094,0.731933594,-0.221191406,0.183959961,-0.750915527,0.594482422,11.5,-87.1875,54.4375,1,1
-2,1,11,0,-5,-2,-5,1,0.079589844,-0.572265625,0.627441406,-0.23034668,0.173339844,-0.740112305,0.60760498,22,-103.5,69.75,1,1
-4,-3,1,-4,-9,-1,3,0,0.107421875,-0.467285156,0.336425781,-0.243225098,0.164123535,-0.725830078,0.622192383,3,-119.375,86.5,1,1
0,-2,-3,1,13,-5,-11,1,0.193359375,-0.496582031,0.255859375,-0.25982666,0.161621094,-0.708862305,0.635559082,-41.75,-111.9375,97.375,1,1
-1,-1,3,2,-7,-8,-6,-3,0.129394531,-0.749023438,0.302246094,-0.279846191,0.164550781,-0.689697266,0.647277832,-78.0625,-109.1875,102.375,1,1
4,1,3,-1,-6,5,18,1,0.168945313,-0.953125,0.424316406,-0.299987793,0.166381836,-0.668823242,0.659545898,-73.8125,-116.8125,109.0625,1,1
14,5,12,7,24,5,4,4,0.295410156,-1.075683594,0.586425781,-0.318786621,0.162841797,-0.645996094,0.674194336,-47.1875,-136.625,118.1875,1,1
1,-3,-4,-3,-9,-4,-9,-2,0.331542969,-0.91796875,0.614746094,-0.338256836,0.153991699,-0.619995117,0.691040039,-31.375,-167.6875,129.125,1,1
-5,0,0,5,-1,-8,2,-6,0.26171875,-0.79296875,0.546875,-0.359924316,0.140258789,-0.588684082,0.710083008,-24.8125,-207.8125,146.3125,1,1
-4,-1,-3,-2,14,-40,-6,-1,0.180175781,-0.951660156,0.500488281,-0.386535645,0.123046875,-0.551025391,0.729309082,-35.5625,-253.3125,159.6875,1,1
-5,-4,-5,-7,-16,-13,-7,3,0.311035156,-1.124511719,0.421875,-0.415344238,0.100463867,-0.5078125,0.74798584,-31.4375,-293.125,168.4375,1,1
9,6,2,1,8,7,19,0,0.487304688,-1.26953125,0.396484375,-0.440795898,0.070007324,-0.458007813,0.768798828,8.1875,-332.5,187.5,1,1
0,1,1,-5,-17,12,-7,-5,0.5390625,-1.291015625,0.345703125,-0.462585449,0.033447266,-0.399597168,0.790710449,40.25,-371.75,214.8125,1,1
-4,-7,-11,-3,-26,-15,-6,-1,0.534667969,-1.325683594,0.248046875,-0.47857666,-0.007995605,-0.333374023,0.812255859,75.75,-401.5625,237.3125,1,1
3,1,6,7,-13,-1,-2,7,0.508300781,-1.338378906,0.249023438,-0.486755371,-0.052856445,-0.258544922,0.832702637,116.375,-426.75,265.4375,1,1
1,0,4,1,-3,-12,2,-3,0.554199219,-1.29296875,0.239257813,-0.488769531,-0.098510742,-0.176574707,0.848632813,135.5625,-442.9375,290.0625,1,1
-8,-5,-12,-12,-17,-13,-8,-3,0.743652344,-1.250488281,0.241699219,-0.483825684,-0.142578125,-0.092224121,0.858520508,151.1875,-436.625,299.375,1,1
-3,-4,-3,-3,0,13,3,1,0.804199219,-1.185546875,0.31640625,-0.471130371,-0.181030273,-0.008361816,0.863220215,169.875,-407.625,304.4375,1,1
9,4,-4,-4,0,3,2,-4,0.948730469,-1.112792969,0.257324219,-0.451843262,-0.214904785,0.070556641,0.862976074,184.25,-374.6875,288,1,1
-5,-4,-1,-2,-1,-4,-16,2,1.15625,-0.946289063,0.219726563,-0.429504395,-0.241149902,0.139465332,0.859008789,179.375,-313.9375,259.375,1,1
-8,-13,-5,-1,-5,-11,-12,-6,1.08203125,-0.813964844,0.354492188,-0.405029297,-0.25769043,0.199951172,0.854125977,180.75,-249.125,239.0625,1,1
12,-2,10,16,-4,2,17,4,1.270019531,-0.763183594,0.498535156,-0.380371094,-0.265808105,0.252990723,0.848937988,178.0625,-189.25,224.5625,1,1
-12,2,-17,-24,-3,-33,-11,-1,0.940429688,-0.562011719,0.3984375,-0.357910156,-0.267578125,0.297668457,0.84362793,163.4375,-138.9375,197.625,1,1
3,-9,3,-7,-4,-24,-26,-6,0.997558594,-0.498046875,0.332519531,-0.343078613,-0.271057129,0.333007813,0.835388184,103.4375,-117.875,166.1875,1,1
-19,-9,-24,-9,-6,-4,-29,48,0.876953125,-0.523925781,0.329101563,-0.335693359,-0.274536133,0.359069824,0.826416016,52.5625,-88.0625,133.1875,1,1
4,-11,1,-3,-11,-34,-3,-23,0.751953125,-0.664550781,0.327636719,-0.330688477,-0.276000977,0.377929688,0.819519043,39.9375,-57.3125,100.25,1,1
0,17,4,4,-1,27,7,-9,0.563964844,-0.6640625,0.361816406,-0.32434082,-0.279174805,0.390136719,0.815246582,44.125,-38.5,71.25,1,1
0,-11,-8,-8,-4,-1,17,-3,0.410644531,-0.663574219,0.43359375,-0.319396973,-0.281188965,0.397827148,0.812805176,33.4375,-26.4375,41.625,1,1
1,5,3,4,-4,-6,3,-7,0.342285156,-0.661132813,0.435058594,-0.315917969,-0.282897949,0.401611328,0.811645508,23.0625,-15.6875,19.6875,1,1
5,-1,12,3,20,2,-3,-3,0.269042969,-0.666992188,0.455078125,-0.313903809,-0.284973145,0.403015137,0.811096191,12.375,-12.25,5.0625,1,1
-2,-3,-2,-3,-8,-10,4,-5,0.256347656,-0.700683594,0.439453125,-0.313598633,-0.288391113,0.402404785,0.810241699,-0.5625,-12.1875,-4.8125,1,1
1,3,4,-5,-1,10,3,0,0.247070313,-0.750976563,0.432617188,-0.313537598,-0.292053223,0.400878906,0.809753418,-0.6875,-10.9375,-11.3125,1,1
5,4,4,1,1,-4,7,-1,0.23046875,-0.7734375,0.453613281,-0.313232422,-0.29486084,0.398010254,0.810241699,1.4375,-5.0625,-20.5625,1,1
-5,-5,-6,-4,-6,-6,-4,-1,0.229980469,-0.760253906,0.495117188,-0.312133789,-0.297180176,0.393859863,0.811828613,3.5,-1.25,-29.625,1,1
-1,3,-4,-4,-8,-3,0,-3,0.214355469,-0.744628906,0.538574219,-0.310913086,-0.299438477,0.389953613,0.813354492,1.375,-3.4375,-29.125,1,1
-4,-1,0,0,-3,-6,-7,-2,0.197265625,-0.724121094,0.560546875,-0.310424805,-0.301635742,0.386901855,0.814208984,-3.8125,-5.75,-23.75,1,1
-1,1,1,-3,-1,1,-24,-3,0.193847656,-0.737304688,0.581054688,-0.311523438,-0.304443359,0.384277344,0.813964844,-14.375,-8.4375,-17.625,1,1
3,-2,0,-4,-4,-5,17,0,0.178710938,-0.789550781,0.603515625,-0.313903809,-0.307006836,0.382202148,0.813049316,-19.5,-8.0625,-13.3125,1,1
-1,0,3,2,-4,-1,0,-3,0.168945313,-0.820800781,0.606445313,-0.316101074,-0.30871582,0.380371094,0.812438965,-15.0625,-4.75,-12.625,1,1
-1,-4,-3,-2,-1,-5,8,-1,0.177734375,-0.788085938,0.618652344,-0.317077637,-0.309631348,0.378601074,0.812561035,-8.625,-2.5625,-13.75,1,1
1,-2,-5,-2,-3,-1,-7,1,0.1875,-0.759277344,0.626464844,-0.317749023,-0.309936523,0.37701416,0.812866211,-6.75,-0.3125,-11.5,1,1
-1,-1,-4,0,-2,1,2,1,0.1875,-0.768554688,0.619628906,-0.318969727,-0.310241699,0.375488281,0.812988281,-9,0.875,-10.0625,1,1
-3,1,-1,-3,1,-4,5,0,0.205078125,-0.770996094,0.614257813,-0.320129395,-0.31036377,0.374084473,0.813171387,-7.6875,1.5625,-8.6875,1,1
-5,-1,0,0,-1,-5,-3,0,0.231445313,-0.761230469,0.614257813,-0.321166992,-0.310546875,0.372741699,0.813293457,-8.0625,2.5625,-7.0625,1,1
0,0,-7,2,-4,-1,-7,-4,0.236328125,-0.746582031,0.611816406,-0.322509766,-0.310424805,0.371459961,0.813415527,-8.9375,4.625,-4.875,1,1
-2,-4,5,-2,0,-1,-2,0,0.229492188,-0.772949219,0.618652344,-0.324279785,-0.310119629,0.370056152,0.813415527,-10.6875,5.8125,-5.25,1,1
-1,2,3,4,6,1,-5,-2,0.212890625,-0.778808594,0.635742188,-0.325500488,-0.309326172,0.368835449,0.813842773,-6.5,6.375,-5.875,1,1
-3,-1,-2,-3,-1,1,5,0,0.221191406,-0.747558594,0.624023438,-0.326171875,-0.30847168,0.367370605,0.81451416,-4.6875,7.3125,-7.5,1,1
-1,-2,-5,-3,1,3,-5,-1,0.239257813,-0.7578125,0.62890625,-0.327209473,-0.308044434,0.365844727,0.815002441,-7.5,6.125,-6.6875,1,1
0,-3,-6,-1,-1,0,-2,1,0.241699219,-0.777832031,0.619140625,-0.328796387,-0.307678223,0.364562988,0.815063477,-9.8125,6.1875,-4.0625,1,1
2,-1,12,2,-2,1,3,-2,0.243164063,-0.7890625,0.602050781,-0.33013916,-0.307189941,0.363586426,0.815124512,-6,6.1875,-2.875,1,1
-5,-4,-6,-4,-2,-5,-6,-3,0.229492188,-0.782714844,0.608398438,-0.330871582,-0.306335449,0.363037109,0.815368652,-2.25,5.4375,-2.3125,1,1
-1,1,3,3,2,-1,-12,-5,0.227050781,-0.7734375,0.588378906,-0.331665039,-0.305908203,0.362487793,0.815490723,-2.9375,3.6875,-2.25,1,1
-1,-1,-5,-3,0,-1,-2,-1,0.225097656,-0.757324219,0.588378906,-0.332214355,-0.305603027,0.361999512,0.815551758,-2.5625,2.1875,-2.75,1,1
-3,-2,-5,-6,-2,-2,4,0,0.224609375,-0.747558594,0.582519531,-0.332641602,-0.305786133,0.36151123,0.815551758,-3.5,-0.25,-3.3125,1,1
-3,-5,0,0,-4,-1,-2,1,0.168457031,-0.728027344,0.586914063,-0.350646973,-0.261901855,0.410827637,0.799743652,1.5,4.75,7.9375,2,1
-2,-1,-4,-4,1,1,1,4,0.198730469,-0.733398438,0.584472656,-0.351501465,-0.261535645,0.410217285,0.799865723,-3.9375,8.5,3.125,2,1
0,4,5,7,5,6,3,-4,0.21875,-0.740722656,0.584472656,-0.352722168,-0.261352539,0.40814209,0.800415039,-7.3125,12.8125,-3.25,2,1
-4,0,2,0,-4,-2,1,-3,0.274414063,-0.741210938,0.572265625,-0.353515625,-0.261535645,0.404724121,0.801757813,-5.6875,16.25,-10,2,1
3,-2,4,-3,0,1,-1,0,0.318359375,-0.7265625,0.561035156,-0.354675293,-0.26159668,0.399475098,0.803833008,-8.625,24.5625,-17.125,2,1
-1,1,-1,-1,2,2,3,-3,0.375,-0.70703125,0.5625,-0.355957031,-0.261169434,0.391479492,0.807373047,-10.125,37,-28.4375,2,1
-1,1,-6,-11,-10,-3,1,-3,0.435546875,-0.692382813,0.55859375,-0.35748291,-0.260253906,0.380432129,0.812255859,-12.25,50.1875,-41.5,2,1
2,-1,4,5,-3,-2,4,0,0.514160156,-0.693847656,0.600585938,-0.358947754,-0.259399414,0.36505127,0.818908691,-17.3125,63.875,-62,2,1
-6,-3,1,4,-6,-3,-4,0,0.681152344,-0.645507813,0.534179688,-0.361083984,-0.259033203,0.342956543,0.827575684,-25.25,86.875,-89,2,1
-1,-1,-2,4,2,3,-2,-1,0.84375,-0.655273438,0.519042969,-0.365905762,-0.252929688,0.317138672,0.837585449,-28.0625,113.75,-113.5,2,1
-3,-4,-11,1,1,-4,-4,-1,0.904296875,-0.692871094,0.484375,-0.371948242,-0.244689941,0.284790039,0.848937988,-36.1875,142.625,-140.125,2,1
-2,2,1,-1,1,3,1,-4,0.9453125,-0.68359375,0.454101563,-0.378234863,-0.233642578,0.245056152,0.861572266,-39.5625,174.75,-172,2,1
-4,-2,-1,-2,-5,-5,-3,-2,0.98046875,-0.703125,0.413085938,-0.385192871,-0.220581055,0.19708252,0.874145508,-50.5,203.8125,-207.0625,2,1
-2,-3,2,6,-4,-2,-1,1,1.013183594,-0.7265625,0.372558594,-0.393188477,-0.205200195,0.140136719,0.885253906,-66.6875,235,-244.75,2,1
-1,-1,4,-1,1,5,2,1,1.125,-0.814941406,0.330078125,-0.402404785,-0.187438965,0.072814941,0.893127441,-88.875,269.375,-287.375,2,1
2,4,6,2,12,9,-5,2,1.140625,-0.930175781,0.29296875,-0.410644531,-0.164672852,-0.00402832,0.896789551,-99.8125,312.0625,-325.4375,2,1
2,-2,-9,-13,-8,-14,-6,-4,1.002441406,-0.956054688,0.296875,-0.414672852,-0.137756348,-0.086364746,0.895324707,-95.5625,340.5,-350.5,2,1
-2,-3,-1,-1,-2,-1,1,-4,0.872558594,-0.976074219,0.305175781,-0.415466309,-0.109741211,-0.169921875,0.886779785,-96.8125,344.0625,-362.875,2,1
2,-6,0,2,2,2,-3,0,0.761230469,-1.056640625,0.329101563,-0.4140625,-0.080993652,-0.252929688,0.870666504,-103.375,342.25,-369.375,2,1
-5,-4,-6,2,-5,-1,2,2,0.588867188,-1.100097656,0.337402344,-0.41003418,-0.051879883,-0.333618164,0.847290039,-106.5625,336.625,-371.5,2,1
3,2,8,3,32,10,0,0,0.504882813,-1.236328125,0.383789063,-0.405334473,-0.022033691,-0.410827637,0.816345215,-120.125,330.25,-369.625,2,1
1,1,10,9,-8,-6,1,0,0.626953125,-1.309082031,0.223144531,-0.401733398,0.010559082,-0.483703613,0.777526855,-146.875,331.6875,-360.9375,2,1
0,3,5,4,13,27,-2,-1,0.708496094,-1.367675781,0.166503906,-0.389465332,0.040283203,-0.548400879,0.738952637,-97.6875,325.125,-329.0625,2,1
-7,0,9,-1,-21,-10,25,2,0.643554688,-1.256347656,0.239746094,-0.375732422,0.065368652,-0.600280762,0.70300293,-75.875,279.9375,-275.875,2,1
-7,-21,-93,-96,-49,-44,-22,-4,0.778808594,-0.995117188,0.20703125,-0.36340332,0.091186523,-0.642822266,0.66809082,-88.125,259.4375,-230.1875,2,1
-9,-6,3,21,7,1,-14,-2,0.736328125,-1.103515625,0.223632813,-0.353210449,0.119873047,-0.676330566,0.635192871,-106.125,242.1875,-183.5625,2,1
-3,-5,-6,6,5,0,-7,-2,0.549316406,-1.179199219,0.280273438,-0.340209961,0.143798828,-0.702209473,0.608642578,-69.5,213.625,-140.75,2,1
-3,-1,-5,1,-3,-8,-6,-1,0.479492188,-1.044921875,0.244628906,-0.325805664,0.163574219,-0.72265625,0.587280273,-43.3125,189.125,-107.5,2,1
0,8,-3,8,1,3,-1,2,0.377929688,-1.044433594,0.278808594,-0.309692383,0.179077148,-0.739257813,0.570495605,-15.5625,169.1875,-82.125,2,1
0,-2,18,12,7,8,3,-1,0.215332031,-0.962402344,0.296875,-0.292114258,0.188415527,-0.752868652,0.558898926,20.875,142.625,-60.875,2,1
-3,4,16,7,0,-3,0,-4,0.127441406,-0.853515625,0.399902344,-0.276184082,0.194030762,-0.763183594,0.551025391,32.0625,112.75,-42.1875,2,1
-9,-5,-7,-4,-5,-8,-12,-2,0.070800781,-0.873535156,0.499511719,-0.264831543,0.202758789,-0.770263672,0.543518066,20,93.75,-37.8125,2,1
1,-6,2,-8,-2,-1,-2,2,0.030273438,-0.806152344,0.516113281,-0.253479004,0.208435059,-0.776855469,0.537475586,31.25,80.3125,-34.1875,2,1
-3,2,-6,4,-1,-3,-7,-2,-0.028808594,-0.676269531,0.563964844,-0.241149902,0.210998535,-0.782287598,0.534240723,42.625,66.875,-21.1875,2,1
-1,-1,4,6,2,0,-6,0,-0.071289063,-0.67578125,0.588867188,-0.230773926,0.213684082,-0.786193848,0.531982422,35.125,53.3125,-15.3125,2,1
0,-1,-4,-5,-3,-2,-2,-2,-0.024414063,-0.680175781,0.578613281,-0.223205566,0.216552734,-0.789306641,0.529418945,25.6875,43.4375,-15,2,1
1,-1,10,-1,-1,2,-1,-4,0.047851563,-0.663085938,0.594726563,-0.217224121,0.218200684,-0.791931152,0.52734375,24.8125,36.125,-11.5,2,1
-4,0,-11,-8,-3,-3,-3,-2,0.013183594,-0.631347656,0.63671875,-0.211975098,0.219482422,-0.793884277,0.526000977,21.125,27.875,-7.75,2,1
-1,1,-5,-4,-3,-4,-2,1,0.045898438,-0.596679688,0.63671875,-0.208007813,0.219848633,-0.795654297,0.524780273,19.8125,21.0625,-8.0625,2,1
0,-3,2,7,5,-2,-2,0,0.045410156,-0.532226563,0.590332031,-0.205566406,0.221252441,-0.796203613,0.524230957,8,15.5,-1.125,2,1
-4,-4,-5,3,0,-2,-2,0,0.002441406,-0.547363281,0.657714844,-0.203857422,0.224304199,-0.795532227,0.524719238,-3.9375,11.3125,6.8125,2,1
-3,1,-11,-1,-2,-2,-2,-1,0.069824219,-0.645507813,0.698242188,-0.203918457,0.227844238,-0.794616699,0.524475098,-9.3125,9.25,4.4375,2,1
-1,0,5,9,0,-1,-1,-3,0.094238281,-0.568847656,0.737792969,-0.203613281,0.229492188,-0.793945313,0.524902344,-4.5625,6.3125,6.6875,2,1
0,-3,-4,-6,0,0,-3,-1,0.020507813,-0.538085938,0.768066406,-0.202636719,0.230957031,-0.792663574,0.526611328,-4.125,2.0625,12.625,2,1
-5,-2,-9,-6,-6,-2,-1,1,0.037597656,-0.565917969,0.770019531,-0.202819824,0.232055664,-0.791137695,0.528381348,-5.125,-3.625,12.1875,2,1
-2,-2,-10,-4,-1,-3,0,0,0.084472656,-0.577148438,0.768554688,-0.204040527,0.232788086,-0.789489746,0.530029297,-5.9375,-6.625,12,2,1
-5,-4,-1,-2,2,2,-1,-3,0.047363281,-0.561523438,0.791503906,-0.204101563,0.232421875,-0.788024902,0.532348633,1.75,-7.8125,13.375,2,1
-4,-3,5,-3,-3,-3,-5,1,0.03515625,-0.540527344,0.812988281,-0.204467773,0.231506348,-0.786621094,0.534606934,1.125,-11.375,11.75,2,1
-4,-2,-3,-1,0,-4,-2,-2,0.076171875,-0.5390625,0.829589844,-0.205871582,0.230773926,-0.78527832,0.536376953,-4.125,-12.625,9.4375,2,1
-4,-8,-9,-1,-4,-2,-1,-3,0.08203125,-0.538085938,0.831542969,-0.207763672,0.229858398,-0.783935547,0.538024902,-5.125,-14.875,8.25,2,1
-3,-1,-7,0,-2,1,1,3,0.072753906,-0.513183594,0.81640625,-0.209838867,0.229064941,-0.782409668,0.539733887,-7.5625,-16.3125,8.8125,2,1
-3,-4,-9,-2,-6,-4,-7,-3,0.083007813,-0.533691406,0.841308594,-0.212524414,0.229003906,-0.780822754,0.54107666,-12.9375,-16.1875,7.625,2,1
-1,-5,-3,1,3,-3,-4,-1,0.117675781,-0.560546875,0.826171875,-0.215209961,0.228759766,-0.779418945,0.542114258,-10.6875,-14.4375,6.5,2,1
1,1,-4,0,0,-1,-3,0,0.112304688,-0.536621094,0.833007813,-0.216918945,0.227844238,-0.778259277,0.543457031,-5.4375,-12.375,7.625,2,1
-4,-3,-6,-4,-4,-3,-4,0,0.111816406,-0.541015625,0.838867188,-0.218566895,0.227233887,-0.777038574,0.544799805,-6.9375,-11.875,7.8125,2,1
1,0,-13,-10,-1,0,-1,0,0.126464844,-0.553710938,0.845703125,-0.22064209,0.226867676,-0.775878906,0.545776367,-9.0625,-11.6875,6.75,2,1
-3,-3,12,3,-1,0,-4,-1,0.128417969,-0.555175781,0.853027344,-0.22265625,0.226379395,-0.774780273,0.546691895,-8.9375,-11.5,5.6875,2,1
-6,-2,4,-5,0,-1,0,-1,0.125,-0.548828125,0.8671875,-0.224121094,0.225219727,-0.773986816,0.547790527,-4.8125,-11.875,5.25,2,1
-1,2,3,-5,-4,-4,-4,-1,0.138183594,-0.534667969,0.85546875,-0.225646973,0.223693848,-0.773193359,0.548828125,-3.3125,-12.375,4.9375,2,1
-1,-1,2,-2,-2,-4,-4,-4,0.142089844,-0.545410156,0.856445313,-0.227111816,0.222045898,-0.772460938,0.549926758,-2.0625,-12.3125,5.125,2,1
1,-4,-2,2,-1,-4,-2,-1,0.138671875,-0.538085938,0.835449219,-0.22833252,0.220581055,-0.771728516,0.551086426,-1.3125,-11.25,5.5625,2,1
-4,-3,-12,-4,0,-6,-6,1,0.139648438,-0.549804688,0.841796875,-0.229370117,0.219360352,-0.770996094,0.552124023,-1.875,-9.4375,5.5625,2,1
1,3,-11,0,0,-1,-4,-1,0.146972656,-0.5546875,0.829101563,-0.230163574,0.218139648,-0.770446777,0.553039551,0.1875,-7.625,4.75,2,1
-2,-2,-7,-1,-2,-3,-5,-1,0.15234375,-0.541015625,0.827148438,-0.230651855,0.216796875,-0.770141602,0.553833008,1,-5.9375,4.0625,2,1
-6,-3,2,3,-2,-2,-3,-1,0.151367188,-0.546875,0.834472656,-0.231201172,0.215698242,-0.769836426,0.554382324,-0.25,-5.375,3.0625,2,1
-3,-5,-5,-2,-1,-3,-2,-1,0.145507813,-0.5390625,0.836425781,-0.231750488,0.21472168,-0.76965332,0.554870605,-1.4375,-5.1875,2.3125,2,1
-3,0,9,-4,-3,-1,-3,1,0.129882813,-0.540527344,0.832519531,-0.23236084,0.214172363,-0.769348145,0.555236816,-3.25,-4.875,1.875,2,1
-4,-6,-1,-2,1,-3,-5,-2,0.1328125,-0.560058594,0.821289063,-0.233093262,0.213623047,-0.769165039,0.555419922,-2.6875,-5,0.4375,2,1
-3,-2,-4,-8,-5,-2,-3,-3,0.149414063,-0.562011719,0.8203125,-0.233764648,0.212463379,-0.769165039,0.555480957,0.875,-5.25,-0.875,2,1
-2,-2,-1,0,-1,-2,-2,-2,0.151855469,-0.543457031,0.813476563,-0.234313965,0.211303711,-0.769226074,0.555603027,0.5625,-4.8125,-0.375,2,1
-3,-4,-13,-5,-4,-3,-3,2,0.147949219,-0.54296875,0.83203125,-0.234802246,0.210571289,-0.769226074,0.555664063,-2.0625,-3.875,-0.0625,2,1
-3,-2,-8,-8,-2,-1,-5,-2,0.154296875,-0.558105469,0.842285156,-0.235534668,0.210083008,-0.769165039,0.555725098,-3.25,-3.75,0.125,2,1
-2,-2,4,-3,-1,-2,-3,-1,0.140136719,-0.559082031,0.833007813,-0.235839844,0.209533691,-0.769165039,0.555786133,-1.3125,-3,-0.375,2,1
-3,-2,-10,-6,-3,-3,-2,-1,0.135253906,-0.553710938,0.829101563,-0.235839844,0.20880127,-0.769348145,0.555725098,0.3125,-2,-1.125,2,1
-1,-1,-1,-1,2,1,-2,-4,0.137695313,-0.5625,0.828125,-0.235900879,0.208190918,-0.769592285,0.555725098,0.625,-1.875,-1.375,2,1
-4,-4,19,2,-2,-2,-3,-1,0.146972656,-0.549316406,0.808105469,-0.23614502,0.207397461,-0.769592285,0.555847168,0.625,-2.9375,0.125,2,1
-2,-3,-6,-1,-3,-2,-2,-3,0.14453125,-0.546875,0.812011719,-0.236572266,0.20715332,-0.76953125,0.555847168,-2.6875,-2.125,-0.0625,2,1
